시도,시군,업종,업소명,연락처,주소,메뉴1,가격1,메뉴2,가격2,메뉴3,가격3,메뉴4,가격4
제주특별자치도,제주시,한식,신미국밥,064-784-9995,제주특별자치도 제주시 구좌읍 김녕로 108,순대국밥,9000,해물순두부,9000,한치물회,12000,,
제주특별자치도,제주시,한식,우리두리,064-782-5442,제주특별자치도 제주시 구좌읍 김녕로 173,고등어구이,13000,우럭조림,15000,,,,
제주특별자치도,제주시,한식,소라횟집,064-784-3545,"제주특별자치도 제주시 구좌읍 해맞이해안로 1240-3, 1층",우럭매운탕,13000,활우럭조림,13000,,,,
제주특별자치도,제주시,한식,옛날통닭닭치고족치고함덕점,064-784-1752,"제주특별자치도 제주시 조천읍 함와로 54, 1층",양념통닭,15000,후라이드,14000,옛날통닭,11000,,
제주특별자치도,제주시,기타요식업,토닥토닥,064-702-9219,"제주특별자치도 제주시 관덕로15길 7, 2층(일도일동)",흑돼지 안심,7000,흑돼지 등심,8000,우동,5000,,
제주특별자치도,제주시,한식,광주빛고을,064-723-1553,"제주특별자치도 제주시 동광로5길 8, 1층(이도일동)",아귀찜 소,28000,알내장찜 소,28000,,,,
제주특별자치도,제주시,미용업,이경민헤어스토리,064-723-2234,"제주특별자치도 제주시 중앙로 247, 2층(이도이동)",일반커트,10000,뿌리염색,28000,,,,
제주특별자치도,제주시,한식,왕왕순대국밥몸국,0507-1424-2283,"제주특별자치도 제주시 무근성7길 20, 1층(삼도이동)",순대국밥,6000,몸국,6000,,,,
제주특별자치도,제주시,한식,시민명가,064-702-0782,제주특별자치도 제주시 남성로26길 46(삼도이동),동태탕,7000,동태내장탕,8000,,,,
제주특별자치도,제주시,한식,김희선제주몸국,064-745-0047,"제주특별자치도 제주시 어영길 45-6, 1층(용담삼동)",몸국,9000,고사리육개장,9000,고등어구이,10000,,
제주특별자치도,제주시,기타요식업,삼복당,064-752-2475,제주특별자치도 제주시 용담일동 135-15,단팥빵,900,크림빵,900,소보루빵,900,,
제주특별자치도,제주시,한식,청풍국수,064-726-1484,"제주특별자치도 제주시 진남로6길 40, 1층(화북일동)",고기국수,8000,멸치국수,7000,,,,
제주특별자치도,제주시,한식,공주네국수,064-722-4533,"제주특별자치도 제주시 삼봉로 353, 1층(봉개동)",물만두,5000,고기국수,8000,,,,
제주특별자치도,제주시,한식,산내들,064-702-0885,제주특별자치도 제주시 서광로4길 16(오라일동),정식,7000,동태탕,8000,갈비탕,8000,,
제주특별자치도,제주시,한식,금악 똣똣라면,,제주특별자치도 제주시 한림읍 금악로 18,똣똣라면(오리지널),6500,똣똣라면(순한맛),6500,,,,
제주특별자치도,제주시,미용업,현대미용실,,"제주특별자치도 제주시 애월읍 애월리 1531, 1층",커트+드라이,10000,파마,30000,염색,25000,,
제주특별자치도,제주시,미용업,남이헤어샵,064-782-8288,"제주특별자치도 제주시 조천읍 신북로 229, 1층",헤어컷,15000,드라이,10000,파마,20000,,
제주특별자치도,제주시,미용업,오렌지헤어샵,064-782-0398,제주특별자치도 제주시 조천읍 함덕남12길 30,파마,30000,염색,25000,,,,
제주특별자치도,제주시,한식,옥이이모,0507-1465-4260,제주특별자치도 제주시 지석11길 13,된장찌개+비빔밥,8000,순대국+비빔밥,8000,,,,
제주특별자치도,제주시,미용업,신촌미용실,064-784-9656,제주특별자치도 제주시 조천읍 신촌5길 24,커트,7000,일반펌,20000,염색,25000,,
제주특별자치도,제주시,미용업,이경화미용실,064-721-3577,제주특별자치도 제주시 신성로 27(도남동),커트,8000,드라이,7000,펌(기본),25000,,
제주특별자치도,제주시,중식,블랙데이,064-758-3286,"제주특별자치도 제주시 만덕로 23-2, 1층(건입동)",자장면,4000,짬뽕,6000,볶음밥,6000,,
제주특별자치도,제주시,한식,오솔길,0507-1394-3663,"제주특별자치도 제주시 임항로 264, 1층",백돼지오겹살,12000,항정살,13000,목살,12000,,
제주특별자치도,제주시,기타요식업,쏠레일베이커리카페,064-900-2016,"제주특별자치도 제주시 번영로 508, 1층(봉개동)",아메리카노,2500,아이스 아메리카노,2800,해피쏠레일,2500,,
제주특별자치도,제주시,미용업,헤어스타일미용실,064-744-2204,제주특별자치도 제주시 비월길 7(연동),커트,13000,염색,20000,열펌,40000,,
제주특별자치도,제주시,미용업,코코헤어샵,064-746-0050,제주특별자치도 제주시 월랑로10길 29-1(노형동),커트,15000,펌,35000,,,,
제주특별자치도,제주시,한식,요메기섬현재식당,070-7778-3356,제주특별자치도 제주시 도두항길 10(도두일동),활우럭매운탕,12000,성게미역국,12000,전복죽,12000,,
제주특별자치도,제주시,중식,왕서방,064-713-0090,제주특별자치도 제주시 애월읍 중엄3길 2-1,짜장면,5500,짜장밥,6500,간짜장,7500,,
제주특별자치도,제주시,기타요식업,맠(makk),,제주특별자치도 제주시 진남로 6길 3(주소변경),마카롱,2000,마카롱6구,10000,마카롱9구,15000,,
제주특별자치도,제주시,한식,제주골목국수,064-722-0136,"제주특별자치도 제주시 신성로 42-1, 1층(도남동)",고기국수,7000,멸치국수,5000,,,,
제주특별자치도,제주시,기타비요식업,제주사진공방,,제주특별자치도 제주시 연신로 78(이도이동),증명사진,15000,여권사진,15000,비자사진,15000,,
제주특별자치도,제주시,한식,해림,064-757-7698,"제주특별자치도 제주시 남성로 12, 1층(용담일동)",된장찌개,8000,참치찌개,8000,순두부,8000,,
제주특별자치도,제주시,미용업,주헤어커커,064-756-7545,"제주특별자치도 제주시 남성로 8길 7, 1층(용담일동)",컷트(일반),10000,학생컷,8000,드라이,8000,,
제주특별자치도,제주시,세탁업,영일크리닝,064-725-0536,제주특별자치도 제주시 인다4길 37-7(아라일동),양복드라이클리닝,8000,셔츠,4000,,,,
제주특별자치도,제주시,숙박업,제주마실게스트하우스,064-753-0077,제주특별자치도 제주시 서광로2길 11-6(오라일동),남자6인실,18000,여자6인실,18000,더블1인,35000,,
제주특별자치도,제주시,한식,조은이웃구이집,064-748-1477,제주특별자치도 제주시 도령북길 1 (연동),오겹살,14000,목살,14000,열무국수,4000,,
제주특별자치도,제주시,기타비요식업,JJ노블휘트니스클럽,064-743-1515,"제주특별자치도 제주시 성신로 1길 34, 3층(연동, 신동부삼무3차아파트)",1일,10000,1개월,100000,2개월,140000,,
제주특별자치도,제주시,한식,만강촌옛날칼국수,064-744-4780,제주특별자치도 제주시 월랑로 42(노형동),닭칼국수,7900,닭곰탕,7900,왕만두 한접시(5개),7900,,
제주특별자치도,제주시,중식,푸동,064-711-4080,"제주특별자치도 제주시 원노형2길 22, 101호(노형동)",짜장면,4000,짬뽕,5000,,,,
제주특별자치도,제주시,중식,귀빈반점,064-749-3080,제주특별자치도 제주시 정원로 53-1(노형동),짜장면,5000,짬뽕,6000,,,,
제주특별자치도,제주시,한식,유별난수제생돈까스,064-713-7375,제주특별자치도 제주시 정원로 41(노형로),생돈까스,7000,해물볶음밥,7000,,,,
제주특별자치도,제주시,한식,영림흑돼지가든,064-796-6956,제주특별자치도 제주시 한림읍 한수풀로 30,"가브리살200g(백돼지,흑돼지섞임)",17000,양념갈비 350g(백돼지),15000,,,,
제주특별자치도,제주시,한식,돈야탑촌본점,070-7803-9292,"제주특별자치도 제주시 우정로 18길 7, 1층(외도일동)",양념갈매기(200g),14000,매콤갈매기(200g),14000,마늘갈매기(200g),15000,,
제주특별자치도,제주시,기타요식업,베이크,0507-1313-3109,제주특별자치도 제주시 우정로 60(외도일동),아메리카노,2900,에그타르트,2000,소금빵,2000,,
제주특별자치도,제주시,양식,제이학센,064-711-8616,"제주특별자치도 제주시 서해안로 232, 1층(도두일동)",한치해물토마토파스타,15000,딱새우크림파스타,15000,흑돼지로제파스타,15000,,
제주특별자치도,제주시,한식,제주주민센터,064-725-0030,제주특별자치도 제주시 무근성길 46 (삼도이동) .,김치찌개,8000,몸국,8000,돼지국밥,7000,,
제주특별자치도,제주시,한식,비양도식당,064-796-4030,제주특별자치도 제주시 한림읍 한림로 167,우럭조림(대),50000,갈치조림(대),50000,성게국,13000,,
제주특별자치도,제주시,한식,청춘테이블,064-757-4747,제주특별자치도 제주시 동문로 89,김치찌개,8000,된장찌개,8000,,,,
제주특별자치도,제주시,한식,뽈살집 한림점,064-796-5860,제주특별자치도 제주시 한림읍 한림상로 194,흑돼지 특수부위(대),69000,흑돼지 특수부위(중),45000,"항정, 가브리, 뽈살, 갈매기살(200g)",15000,,
제주특별자치도,제주시,한식,함덕닭해장국,064-782-9876,"제주특별자치도 제주시 조천읍 조천우회로 508, 1층",닭곰탕,8000,닭육계장,9000,닭몸국,9000,,
제주특별자치도,제주시,한식,한일동문식당,064-758-4614,"제주특별자치도 제주시 동문로 6-4, 1층(일도일동)",고기국수,6000,순대국밥,7000,따로국밥,8000,,
제주특별자치도,제주시,한식,착한제주고등어,064-725-5751,제주특별자치도 동문로 11길 5,고등어구이정식,6000,고등어조림,8000,갈치구이정식,11000,,
제주특별자치도,제주시,한식,동진,,제주특별자치도 제주시 동문로4길 9(일도일동),멸치국수,6000,비빔국수,7000,고기국수,8000,,
제주특별자치도,제주시,미용업,진희미용실,064-751-1128,제주특별자치도 제주시 동광로17길 27,커트,5000,파마,25000,,,,
제주특별자치도,제주시,한식,신산명성식당,064-755-6664,제주특별자치도 제주시 삼성로 94,명성정식,10000,,,,,,
제주특별자치도,제주시,미용업,금천미용실,064-758-9254,제주특별자치도 제주시 중앙로23길 6,커트,10000,파마,25000,,,,
제주특별자치도,제주시,한식,가람,064-756-0012,"제주특별자치도 제주시 복지로북길 4, 1층",추어탕,10000,고사리육개장,9000,닭칼국수,8000,,
제주특별자치도,제주시,숙박업,라인호텔,064-722-8161,제주특별자치도 제주시 동광로 40,더블객실(평일),50000,더블객실(주말),60000,트윈객실(평일),50000,,
제주특별자치도,제주시,한식,색달가든 깐부고깃집,064-751-4884,제주특별자치도 제주시 오복3길 20,"오겹살, 목살(200g)",9000,생대패삼겹살(200g),10000,오리 한마리,38000,,
제주특별자치도,제주시,한식,식도원,064-725-8669,"제주특별자치도 제주시 연삼로 498, 1층(이도이동)",한식뷔페,10000,,,,,,
제주특별자치도,제주시,기타비요식업,흑백컬러사진관,0507-1441-0397,"제주특별자치도 제주시 신성로 13길 26, 2층",가족사진2인(액자포함),120000,비자사진,20000,,,,
제주특별자치도,제주시,한식,파랑새,064-757-9475,제주특별자치도 제주시 도남로 78,고기국수,7000,비빔밥,7000,김치찌개,7000,,
제주특별자치도,제주시,일식,추자회소랑,064-725-5155,제주특별자치도 제주시 신설로9길 46-3(이도이동),활어회코스A(1인),40000,활어회코스B(1인),30000,,,,
제주특별자치도,제주시,한식,장모식탁,064-805-7158,"제주특별자치도 제주시 연신로 51, 1층",전복돌솥밥+순두부찌개,15000,곤드레돌솥밥+순두부찌개,11000,,,,
제주특별자치도,제주시,숙박업,제주스테이,064-755-7945,제주특별자치도 제주시 무근성7길 22(삼도이동),스탠다드더블룸,38000,스탠다드트윈룸,40000,디럭스트윈룸,43000,,
제주특별자치도,제주시,한식,김희선제주두루치기,064-747-1147,"제주특별자치도 제주시 어영길 19, 1층",흑돼지두루치기+소고기된장찌개,12000,,,,,,
제주특별자치도,제주시,한식,정든식당,064-713-5116,제주특별자치도 제주시 진동로3길 24,국밥,8000,따로국밥,9000,,,,
제주특별자치도,제주시,미용업,또와헤어샾,064-756-6528,제주특별자치도 제주시 지석6길 9,커트,10000,일반펌,25000,,,,
제주특별자치도,제주시,일식,진양,064-757-8238,"제주특별자치도 제주시 건주로6길 14-7, 1층 102호(도련일동, 자운당)",모듬회(소),25000,모듬초밥(10p),13000,광어초밥(10p),15000,,
제주특별자치도,제주시,한식,안평,064-755-1170,"제주특별자치도 제주시 선사로6길 15, 1층(삼양일동)",순두부찌개,8000,새우젓 두부찌개,8000,,,,
제주특별자치도,제주시,한식,오리한마당 봉개점,064-757-5153,"제주특별자치도 제주시 봉개대동6길5-6, 1층",유황오리한마리,59000,유황오리반마리,30000,훈제오리한마리,59000,,
제주특별자치도,제주시,미용업,미앤유,0507-1325-0756,제주특별자치도 제주시 인다8길 28,남자커트,10000,여자커트,12000,일반펌,35000,,
제주특별자치도,제주시,한식,남촌식당,064-753-1502,제주특별자치도 제주시 서광로 174,멸치국수,6000,고기국수,7000,,,,
제주특별자치도,제주시,기타비요식업,헬로우휘트니스,,"제주특별자치도 제주시 월랑로8길 1, 301호(노형동, 아란야플라자)",1일권,10000,3개월,99000,6개월,180000,,
제주특별자치도,제주시,한식,김도희의 갈치창고,064-712-1802,"제주특별자치도 제주시 노형로 121, 2층",가마솥갈치조림(2인),43000,가마솥갈치조림+화덕통갈치구이정식(2인),65000,갈치강정(100g),10000,,
제주특별자치도,제주시,기타요식업,본조르노베이커리,0507-1413-3473,"제주특별자치도 제주시 다랑곶 4길 68, 1층",프렌치 바게트,2500,치아바타,2700,스콘,2400,,
제주특별자치도,제주시,한식,황금숯불닭갈비,064-746-0745,제주특별자치도 제주시 월랑로 10길 25(노형동),닭소금구이(320g),14000,닭양념구이(320g),14000,생오겹살(200g),16000,,
제주특별자치도,제주시,한식,보리해장국,064-745-5052,"제주특별자치도 제주시 우령서로16길 2, 1층",해장국,9000,곰탕,10000,,,,
제주특별자치도,제주시,한식,올래회어촌 제주이호테우점,0507-1328-2992,제주특별자치도 제주시 태우해안로 166,회정식,15000,해물뚝배기,10000,회모둠세트,100000,,
제주특별자치도,제주시,한식,제주몰래물밥상,064-711-8919,제주특별자치도 제주시 도두항서길 65(도두일동),활우럭조림밥상(2-3인),48000,"활우럭, 전복새우조림밥상(2-3인)",58000,제주은갈치조림밥상(2-3인),60000,,
제주특별자치도,제주시,한식,제라진뚝배기갈비찜,064-711-6232,"제주특별자치도 제주시 도공로 20, 1층",뚝배기갈비찜,11000,정식,10000,두루치기,10000,,
제주특별자치도,제주시,한식,춘향이네,064-712-4064,"제주특별자치도 제주시 오일장동길 36, 1층(도두일동)",장터순대국밥,7000,내장국밥,7000,머리국밥,7000,,
제주특별자치도,제주시,한식,제주라면2호점,064-747-9666,"제주특별자치도 제주시 서해안로 210, 1층(도두일동)",해물라면,7500,흑돼지라면,7500,멍게비빔밥,10000,,
제주특별자치도,제주시,양식,고찌가게,,제주특별자치도 제주시 가령로4길 27 (이도이동) 1층 101호,함박스테이크,7000,오므라이스,6000,카레라이스,6000,,
제주특별자치도,제주시,미용업,소영헤어샵,064-759-0905,제주특별자치도 제주시 신성로 62 (도남동) 1층,컷트,8000,펌,30000,,,,
제주특별자치도,제주시,한식,꽃가마식당,064-755-6454,제주특별자치도 제주시 신산로 97 (일도이동) 1층,갈비탕,10000,성게국,10000,,,,
제주특별자치도,제주시,한식,동광생오리집,064-752-1129,제주특별자치도 제주시 태성로2길 32 (일도이동) 1층,동광생오리 한마리,58000,동광생오리 반마리,30000,,,,
제주특별자치도,제주시,미용업,린다,,제주특별자치도 제주시 천수로 5 (이도이동) 1층,속눈썹 연장,30000,기본 젤 네일,30000,,,,
제주특별자치도,제주시,한식,만나빵집,,제주특별자치도 제주시 구좌읍 종달로5길 5-1 1층,반미바게트,2500,소세지빵,3500,,,,
제주특별자치도,제주시,미용업,머리터헤어샵,064-723-0677,제주특별자치도 제주시 삼성로 81 (일도이동) 1층,남녀커트,12000,학생커트,10000,드라이,10000,염색,30000
제주특별자치도,제주시,미용업,메자미헤어,064-751-3330,제주특별자치도 제주시 신산로7길 41 (일도이동) 1층,파마,25000,컷트,8000,샴푸,5000,올림머리,30000
제주특별자치도,제주시,숙박업,민트게스트하우스,064-721-0106,제주특별자치도 제주시 서광로5길 2-4 (용담일동) 1층,2인실 1인,28000,6인실 1인,23000,,,,
제주특별자치도,제주시,기타요식업,밭담호박,,제주특별자치도 제주시 한경면 두신로 45 1층,쑥밥알인절미,1200,현미쑥인절미,1200,카스테라인절미,4000,오메기떡,1000
제주특별자치도,제주시,기타요식업,붕어빵n커피,064-753-4416,제주특별자치도 제주시 서광로 174 (오라일동) 1층,오디에이드,4400,영귤에이드,4400,,,,
제주특별자치도,제주시,한식,생돈우리본점,,제주특별자치도 제주시 수덕9길 85 (노형동) 1층,흑돼지김치찌개,8000,차돌된장찌개,8000,,,,
제주특별자치도,제주시,미용업,샤인루비헤어샵,,제주특별자치도 제주시 동광로21길 27-1 (일도이동) 1층,컷트,13000,학생컷트,11000,펌,33000,,
제주특별자치도,제주시,숙박업,숨게스트하우스 제주공항점,064-725-0106,제주특별자치도 제주시 서광로5길 2-2 (용담일동) 1층,2인실 1인,28000,4인실 1인,25000,6인실 1인,23000,,
제주특별자치도,제주시,양식,스토브온 제주,064-796-9871,제주특별자치도 제주시 한림읍 중산간서로 4062 나동 1층,마리나라 피자,7000,더블치즈 피자,9000,포테이토베이컨,10000,오리지날 피자,8000
제주특별자치도,제주시,한식,애월바당국수,064-799-0427,제주특별자치도 제주시 애월읍 애월해안로 34 1층,고기국수,8000,멸고국수,8000,멸치국수,7000,냉국수,8000
제주특별자치도,제주시,미용업,제이앤제이헤어살롱,064-753-4761,제주특별자치도 제주시 진군4길 12 (노형동) 1층,커트,12000,일반 펌,40000,,,,
제주특별자치도,제주시,한식,차가네시청점,064-721-3320,제주특별자치도 제주시 동광로2길 7 (이도이동) 1층,갈비탕,12000,냉면정식,10000,오늘매뉴,7000,,
제주특별자치도,제주시,미용업,케이엠제이헤어,,제주특별자치도 제주시 과원북4길 37 (노형동) 1층,커트,10000,염색,40000,파마,40000,셋팅,60000
제주특별자치도,제주시,한식,평대당,,제주특별자치도 제주시 구좌읍 구좌로 29-1 1층,휘낭시에,1500,마들렌,1800,,,,
제주특별자치도,제주시,미용업,하라,064-727-1319,제주특별자치도 제주시 아연로 587 (아라일동) 1동 101호,두피크리닉,40000,모발크리닉,50000,다운펌,40000,,
제주특별자치도,제주시,중식,하이루,064-784-8744,제주특별자치도 제주시 조천읍 함덕12길 6 1층,짜장면,6000,짬뽕,8000,미니탕수육,10000,,
제주특별자치도,제주시,미용업,호화미용실,064-757-0616,제주특별자치도 제주시 신산로15길 38 (일도이동) 1층,컷트(80세이상),5000,파마(80세이상),15000,컷트(일반인),10000,파마,20000
제주특별자치도,제주시,기타비요식업,흑백컬러사진관 제주도청점,,제주특별자치도 제주시 문송길 18 (연동) 2층,프로필사진,30000,비자사진,20000,,,,
제주특별자치도,제주시,미용업,단밤미용실,,제주특별자치도 제주시 과원로 47 (연동) 1층 단밤,컷트,15000,염색,30000,퍼머,40000,,
제주특별자치도,제주시,한식,일구교자,,제주특별자치도 제주시 광양13길 22 (이도이동) 1층,고기 찐만두,6000,김치 찐만두,6000,,,,
제주특별자치도,제주시,일식,일락,,"제주특별자치도 제주시 독짓골4길 11 (도남동, 청양림맨션) 101호",돈코츠라멘,7000,가츠동,7000,규동,7000,가라아게동,7000
제주특별자치도,제주시,한식,고산동산,,제주특별자치도 제주시 고산동산5길 18 (이도이동) 1층,정식,8000,,,,,,
제주특별자치도,제주시,한식,국수한상,064-751-5808,제주특별자치도 제주시 남광로 7 (이도이동) 국수한상,멸치국수,7000,비빔국수,7000,우거지국,8000,제육덮밥,8000
제주특별자치도,제주시,한식,도남오거리 외도점,064-743-9255,제주특별자치도 제주시 우정로7길 26-3 (외도일동) 도남오거리식당,돼지양념갈비,14000,돼지생갈비,21000,,,,
제주특별자치도,제주시,한식,동광로꼴목집,,제주특별자치도 제주시 동광로8길 35-12 (이도이동) 1층,삼겹살(800g),25000,양념갈비(800g),25000,우삼겹(800g),25000,물냉면,8000
제주특별자치도,제주시,세탁업,명원세탁,064-728-8855,제주특별자치도 제주시 구남동6길 58-3 (이도이동) 명원세탁,양복1벌,11000,와이셔츠,5000,바지,5000,,
제주특별자치도,제주시,기타요식업,모닝 베이커리,064-756-3810,제주특별자치도 제주시 번영로 504 (봉개동) 모닝 베이커리,옥수수 식빵,4000,잡곡식빵,4000,소보루빵,1200,단팥빵,1200
제주특별자치도,제주시,한식,서가도녹차삼계탕,064-902-9727,제주특별자치도 제주시 동한두기길 1 (용담일동) .,,,,,,,,
제주특별자치도,제주시,중식,양사부,,제주특별자치도 제주시 삼무로 36 (연동) 2층,양꽃갈비살,18800,마파두부,8800,,,,
제주특별자치도,제주시,한식,에버그린돈까스,064-799-1434,제주특별자치도 제주시 애월읍 애월로 40 1층,옛날돈까스,11000,자연치즈돈까스,12000,어묵우동,9000,,
제주특별자치도,제주시,기타비요식업,"연동사진관,연관",0507-1408-0744,제주특별자치도 제주시 애월읍 애월로 40 1층,퀵여권사진,15000,퀵증명사진,15000,퍼스널프로필,50000,,
제주특별자치도,제주시,한식,옵데강,064-758-5775,제주특별자치도 제주시 신산로3길 1 (일도이동) 옵데강,흑오겹,20000,생갈비,20000,뼈양념갈비,18000,살양념갈비,16000
제주특별자치도,제주시,숙박업,우신장,064-724-0905,제주특별자치도 제주시 관덕로4길 1-5 (삼도이동) 우신장,,,,,,,,
제주특별자치도,제주시,목욕업,유니나 목욕탕,064-742-2141,제주특별자치도 제주시 은남4길 4 (연동) .,,,,,,,,
제주특별자치도,제주시,한식,이모네국수,0507-1488-5689,제주특별자치도 제주시 신산로 42 (일도이동) .,,,,,,,,
제주특별자치도,제주시,한식,제대국수집,,제주특별자치도 제주시 제주대학로 105-1 (아라이동) 1층,멸치국수,5500,비빔국수,6500,멸치국수돈까스,9000,꼬마돈까스,4000
제주특별자치도,제주시,한식,제돈상회,064-713-0301,제주특별자치도 제주시 월랑로4길 28 (노형동) 제돈상회,제주오겹살(300g),20000,제주목살(300g),20000,생대패삼겹살(300g),22000,,
제주특별자치도,제주시,한식,제주검정보리마씸,064-746-4597,제주특별자치도 제주시 애월읍 하귀로 81 1층,,,,,,,,
제주특별자치도,제주시,숙박업,제주공항 게스트하우스 예스준,,제주특별자치도 제주시 서해안로 232 (도두일동) 2층,오션뷰A 개인실,35000,오션뷰A 2인실,55000,오션뷰B 개인실,45000,오션뷰A Family,65000
제주특별자치도,제주시,한식,진도새기,064-712-7766,제주특별자치도 제주시 광평동로 67 (노형동) 진도새기,흑돼지 한 근,60000,백돼지 한 근,48000,,,,
제주특별자치도,제주시,일식,추자본섬 연동점,064-747-1115,제주특별자치도 제주시 선덕로 14-1 (연동) 1층,삼치회(소),70000,삼치회(대),90000,C코스(1인당),35000,B코스(1인당),45000
제주특별자치도,제주시,기타요식업,카페인사리,0507-1414-8675,제주특별자치도 제주시 구좌읍 일주동로 2806 2층,버터프레첼,3000,까눌레,2000,,,,
제주특별자치도,제주시,한식,한라산해장국,064-748-8500,제주특별자치도 제주시 은남길 25 (연동) 한라산해장국,해장국,10000,돈까스,9000,소머리국밥,10000,순대국밥,10000
제주특별자치도,제주시,한식,함덕해물라면오빠집,064-784-6327,제주특별자치도 제주시 조천읍 평사길 2 1층,,,,,,,,
제주특별자치도,제주시,중식,금악리 자양식당,,제주특별자치도 제주시 한림읍 금악리 18(금악리 자양식당),닭짬뽕,9000,닭탕수육,15000,,,,
제주특별자치도,제주시,한식,한라축산정육식당제주흑돼지한림협재애월점,064-796-1010,"제주특별자치도 제주시 한림읍 한림상로 84, B동 1층",제주산흑돼지오겹살,6800,제주산흑돼지목살,6800,한우갈비살,14900,한우등심,15900
제주특별자치도,제주시,한식,일등정육식당,064-796-4547,제주특별자치도 제주시 한림읍 한림상로 145,흑돈두루치기정식,9000,해물된장찌개,8000,흑돈김치찌개,8000,흑오겹구이(200g),11000
제주특별자치도,제주시,한식,한림국수집,064-796-7471,"제주특별자치도 제주시 한림읍 한림상로 158, 1층",멸치국수,6000,비빔국수,6000,돼지국밥,8000,,
제주특별자치도,제주시,한식,일억조,,"제주특별자치도 제주시 한림읍 한림상로 140, 1층",접짝뼈국,10000,일억조짜글이,10000,할망산적,10000,뼈전골 (1인분),13000
제주특별자치도,제주시,한식,윤정이네국밥,064-796-5955,"제주특별자치도 제주시 한림읍 중산간서로 4960, 1층",돼지국밥,9000,순대국밥,9000,고기국수,9000,콩국수,10000
제주특별자치도,제주시,한식,강김밥집,064-711-5096,"제주특별자치도 제주시 애월읍 하귀9길 2, 1층 114호",강김밥,2900,치즈김밥,3800,우엉김밥,3800,멸치김밥,3800
제주특별자치도,제주시,한식,호두네칼국수,064-902-9959,"제주특별자치도 제주시 애월읍 하귀로 57, 1층",호두네칼국수,7000,들깨칼국수,8000,어묵칼국수,8000,얼큰칼국수,8000
제주특별자치도,제주시,한식,두툼한고기돈돼지 제주함덕점,064-784-9092,"제주특별자치도 제주시 조천읍 함덕19길 3, 1층",흑돼지목살,20000,흑돼지오겹살,20000,백돼지목살,16000,백돼지오겹살,16000
제주특별자치도,제주시,일식,김녕오라이(구좌),064-747-8174,"제주특별자치도 제주시 구좌읍 김녕로21길 21, 21 1층 제2호",숯불 가마살구이,20000,딱새우라면,12000,,,,
제주특별자치도,제주시,한식,비자림길,064-782-5118,제주특별자치도 제주시 구좌읍 비자림로 2682,흑돼지 고등어 정식,10000,우럭 정식,14000,고등어 조림 中,30000,갈치 조림 中,45000
제주특별자치도,제주시,중식,하오츠,064-784-0098,"제주특별자치도 제주시 조천읍 북촌12길 33-3, 2층",짜장,5000,볶음밥,7000,짬뽕,6000,간짜장,7000
제주특별자치도,제주시,한식,우당도서관 구내식당,,"제주특별자치도 제주시 사라봉동길 30, 1층(건입동)",콩나물국밥,5000,비빔국수,4500,황태국밥,6500,제육덮밥,6500
제주특별자치도,제주시,기타비요식업,블루미디어,,"제주특별자치도 제주시 동문로 93, 지하(건입동)",증명사진,20000,여권사진,20000,"학생증명사진(영,유아 ~ 대학재학생)",20000,,
제주특별자치도,제주시,숙박업,보보스모텔,,제주특별자치도 제주시 서부두남길 20(건입동),디럭스더블룸,40000,디럭스트윈룸,50000,,,,
제주특별자치도,제주시,한식,오륙도식당,064-758-7440,제주특별자치도 제주시 관덕로15길 10(일도일동),해물뚝배기,9000,냉면,7000,,,,
제주특별자치도,제주시,한식,동문시장 고기국수 금복식당,064-757-6055,"제주특별자치도 제주시 동문로 16, 1층",고기국수,8000,비빔국수,7000,멸치국수,6000,,
제주특별자치도,제주시,숙박업,제주공항근처 난장게스트하우스,,제주특별자치도 제주시 중앙로5길 13(일도일동),1인실,30000,2인실 도미토리,25000,,,,
제주특별자치도,제주시,숙박업,농땡이 연구소,,"제주특별자치도 제주시 중앙로 49, 4층(일도일동,대영빌딩)",숙박(1박),23000,,,,,,
제주특별자치도,제주시,한식,태산봉,064-721-3399,제주특별자치도 제주시 성지로 67-1(일도일동),해장국,10000,양곰탕,11000,,,,
제주특별자치도,제주시,한식,신해바라기제2호점,064-702-2324,"제주특별자치도 제주시 신산로 67 1층, 신해바라기제2호점",국수,5000,비빔국수,5000,,,,
제주특별자치도,제주시,기타비요식업,탑클래스스터디,064-753-1110,"제주특별자치도 제주시 동광로 108, 3층",일일권(4시간),3500,일일권(12시간),7000,,,,
제주특별자치도,제주시,양식,라라양식당,,"제주특별자치도 제주시 동광로 197, 1층 102호",크림 라이스,10900,오늘의 파스타,11900,,,,
제주특별자치도,제주시,한식,남현순대,064-751-3374,"제주특별자치도 제주시 천수로 56, 108동 102호",몸국,9000,멸치국수,7000,냉국수,7000,,
제주특별자치도,제주시,미용업,네일에 머물다,,"제주특별자치도 제주시 천수로 68, 113동 1층 101호",손젤,30000,페디큐어,40000,속눈썹 연장,30000,속눈썹 펌,30000
제주특별자치도,제주시,미용업,이애란헤어샵,064-724-0090,제주특별자치도 제주시 고마로 58,컷트,8000,파마,25000,,,,
제주특별자치도,제주시,한식,삼주칼국수,064-756-8892,제주특별자치도 제주시 일도이동 47 삼주아파트상가 108동 103호,멸치칼국수,7500,닭고기칼국수,8000,김치찌개,8000,,
제주특별자치도,제주시,기타비요식업,포토플러스,064-726-2696,"제주특별자치도 제주시 중앙로 228, 2층(이도이동)",증명사진,25000,스캔인화,5000,사진인화,5000,스캔,2000
제주특별자치도,제주시,기타비요식업,뛰니뛰니,064-727-0369,"제주특별자치도 제주시 연신로 76, 1층(이도이동)",어린이입장료,6000,보호자입장료,무료,,,,
제주특별자치도,제주시,미용업,다희헤어아트 미용실,064-713-1907,"제주특별자치도 제주시 독짓골8길 53-9, 1층",커트,13000,어린이 커트,11000,,,,
제주특별자치도,제주시,미용업,꽃이피어나,064-722-1202,"제주특별자치도 제주시 도남로 102-12, 1층",커트,10000,아이 커트,7000,염색,30000,,
제주특별자치도,제주시,한식,도남오거리도남점,064-757-9118,제주특별자치도 제주시 도남로 6길 16,돼지생갈비,21000,돼지양념구이,14000,김치찌개,5000,,
제주특별자치도,제주시,중식,효동각,064-751-1507,제주특별자치도 제주시 동광로6길 31,짜장면,5000,짬뽕면,6000,볶음밥,6000,,
제주특별자치도,제주시,일식,마모루,064-722-4303,"제주특별자치도 제주시 광양13길 10-1, 1층 101호(이도이동)",돈코츠 라멘,8500,규동,8500,카라이 라멘,8500,가츠동,8500
제주특별자치도,제주시,기타요식업,콕스,,"제주특별자치도 제주시 청사로1길 18, 1층(도남동)",드립커피,2200,포테이토샌드위치,4000,마메리카노,3200,라떼,3600
제주특별자치도,제주시,미용업,아름다운사람들(헤어),064-722-7741,"제주특별자치도 제주시 중앙로 69, 2층",컷트,10000,일반펌,30000,염색,25000,매직,50000
제주특별자치도,제주시,한식,안다미로늘봄,064-702-0607,"제주특별자치도 제주시 구남로6길 45, 1층",흑염소 탕,14000,흑염소 특탕,18000,흑염소 몸국,12000,,
제주특별자치도,제주시,한식,제주 삼다냉면 시청점,064-721-0632,"제주특별자치도 제주시 연삼로 397, 1층",물냉면,8000,비빔냉면,8000,섞어냉면,9000,반반냉면,10000
제주특별자치도,제주시,세탁업,진영세탁소,064-724-1629,"제주특별자치도 제주시 오복4길 9, 101호",양복 상의,4000,양복 하의,4000,,,,
제주특별자치도,제주시,한식,도남해돈가,064-753-8851,제주특별자치도 제주시 신성로 61-1,양념갈비,16500,오겹살,16000,냉면,6500,,
제주특별자치도,제주시,미용업,쥬리헤어샵,064-752-6228,"제주특별자치도 제주시 신성로 68-1, 2층 2층북쪽",파마,30000,컷트(일반),13000,컷트(학생),10000,염색,30000
제주특별자치도,제주시,한식,사계오름,,제주특별자치도 제주시 복지로3길 2-9,정식,8000,순두부,7000,,,,
제주특별자치도,제주시,한식,양반촌식당,064-721-7185,제주특별자치도 제주시 서광로 5길 29,돼지주물력,8000,김치찌개,8000,,,,
제주특별자치도,제주시,한식,한라산도야지남사골점,064-751-0202,제주특별자치도 제주시 서광로 3길 48(용담일동),오겹살(200g),10000,목살(200g),12000,돼지고기 샤브샤브(200g),12000,흑오겹살(200g),17000
제주특별자치도,제주시,미용업,행복한머리방,064-758-8799,"제주특별자치도 제주시 서광로3길 42, 1층",컷(여성),4000,컷(남성),5000,초등컷,3000,염색(여성),20000
제주특별자치도,제주시,한식,서문국수,,"제주특별자치도 제주시 서문로 72-2, 1층 2호",보말칼국수,10000,닭개장칼국수,10000,,,,
제주특별자치도,제주시,한식,올레쇠막,064-757-2151,제주특별자치도 제주시 용남길 23,양념갈비(400g),16000,생돼지갈비(400g),16000,LA갈비(300g),25000,,
제주특별자치도,제주시,한식,일호생구이,064-711-4026,제주특별자치도 제주시 용문로146,김치찌개,6000,청국장,6000,,,,
제주특별자치도,제주시,한식,면박사,070-7537-0160,제주특별자치도 제주시 용문로 151,옛날짜장,5000,즉석우동,5000,,,,
제주특별자치도,제주시,양식,양식당,064-901-2234,"제주특별자치도 제주시 성화로5길 5, 1층 101호",알리오올리오,11000,토마토 파스타,13000,베이컨 크림 파스타,13000,고사리 오일 파스타,13000
제주특별자치도,제주시,기타비요식업,돌하루 방방,,제주특별자치도 제주시 화삼북로 43(화북일동),트램펄린(30분),3000,트램펄린(1시간),5000,,,,
제주특별자치도,제주시,한식,일오삼가든,064-723-0153,"제주특별자치도 제주시 진남로8길 13, 1층동 1층(화북일동)",김치찌개,7000,된장찌개,7000,,,,
제주특별자치도,제주시,한식,돈카름,064-722-4915,제주특별자치도 제주시 도련동길 21,갈비살 생구이 4인,69000,갈비살양념구이 4인,72000,스페셜세트 A 4인,62000,,
제주특별자치도,제주시,일식,후년하우스,064-759-9292,제주특별자치도 제주시 삼봉로 12,돼지고기 샤브,13000,새우(15마리),10000,,,,
제주특별자치도,제주시,한식,원당봉해장국,064-759-7200,"제주특별자치도 제주시 연삼로 993-4, 1층",황태해장국,7000,순두부,7000,김치찌개,8000,소고기해장국,9000
제주특별자치도,제주시,한식,또옵서,064-723-0720,제주특별자치도 제주시 번영로 459,김치찌개,8000,동태찌개,7000,된장찌개,6000,,
제주특별자치도,제주시,기타비요식업,피크닉메이트,070-8900-8200,"제주특별자치도 제주시 인다4길 25-5, 1층 101호(아라일동)",린넨 피크닉세트,25000,비치 피크닉세트,25000,카메라 대여(필름 10장),15000,,
제주특별자치도,제주시,일식,바삭돈가스 아라점,064-726-9800,"제주특별자치도 제주시 아란5길 31-2, 1층(아라일동)",바삭우동,7000,등심가스,11000,김치우동,9000,돈까스나베,11000
제주특별자치도,제주시,양식,컬쳐드인더랩,,"제주특별자치도 제주시 승천로 81, 지하1층",고르곤피자,16000,유자샐러드,14000,소고기 볶음밥(2인분 이상),11000,,
제주특별자치도,제주시,미용업,진헤어,,"제주특별자치도 제주시 인다12길 1, 상가동 2층 202호",커트,8000,염색,15000~,일반펌,30000~,남자커트+염색,23000
제주특별자치도,제주시,한식,오양손칼국수,064-723-3367,제주특별자치도 제주시 공설로9길 1,오양칼국수(사골육수),8000,비빔국수,8000,,,,
제주특별자치도,제주시,한식,순희뽀글이,,제주특별자치도 제주시 공설로 27-1(오라일동),비빔밥,7000,정식,9000,청국장,9000,,
제주특별자치도,제주시,한식,무진장오라점,064-712-6881,제주특별자치도 제주시 서광로2길 11-9,회덮밥,7000,회국수,7000,메로머리지리,7000,한치물회,7000
제주특별자치도,제주시,한식,마라톤식당,064-757-1945,"제주특별자치도 제주시 서광로2길 15, 1층",김치찌개,7000,된장찌개,7000,만두국,7000,,
제주특별자치도,제주시,한식,현옥식당,064-757-3439,제주특별자치도 제주시 서광로2길 35,정식,5000,김치찌개,7000,된장찌개,7000,만두국,7000
제주특별자치도,제주시,한식,탐라토종닭,064-753-9992,제주특별자치도 제주시 서사로 179,오리구이한마리,54000,,,,,,
제주특별자치도,제주시,한식,감나무집,064-722-8232,제주특별자치도 제주시 오남로 12 1층,흑돼지 두루치기 정식,10000,돌솥 갈비 비빔밥,9000,차돌국밥,8000,차돌된장찌개,
제주특별자치도,제주시,한식,깜돈흑돼지,064-712-9229,제주특별자치도 제주시 연동 291-48,흑돼지모듬,76000,김치찌개,6000,청국장,6000,,
제주특별자치도,제주시,기타요식업,샐럽올데이 연동 본점,064-745-0910,"제주특별자치도 제주시 귀아랑길 13, 1층 샐럽올데이",비건 연두부 포케,11500,비건 콩고기 포케,11500,비건 콩고기 랩 샌드위치,7700,훈제오리 도시락,8500
제주특별자치도,제주시,한식,토박이장터,064-713-3532,제주특별자치도 제주시 귀아랑길 21,김치찌개(돼지),8000,말곰탕,10000,,,,
제주특별자치도,제주시,한식,고슬,070-8900-8495,"제주특별자치도 제주시 문송길 22, 1층(연동)",떡볶이,4000,잔치국수,6500,냉모밀,6500,옛날수제돈가스,8000
제주특별자치도,제주시,기타요식업,서머셋,064-712-5707,"제주특별자치도 제주시 삼무로 66, 1층(연동)",빵,1000,국수,4000,커피,1500,,
제주특별자치도,제주시,한식,재현이네 갈비,064-711-5323,제주특별자치도 제주시 선덕로 7(연동),양념살갈비,13000,양념등갈비,15000,생갈비,17000,,
제주특별자치도,제주시,한식,수복강녕,064-744-3564,"제주특별자치도 제주시 선덕로3길 40, 1층(연동)",돼지떡갈비,14000,한우떡갈비,25000,,,,
제주특별자치도,제주시,한식,제주장충왕족발,064-747-2815,"제주특별자치도 제주시 선덕로 12, 1층(연동)",족발 小,30000,보쌈 小,30000,족발+보쌈 大,45000,,
제주특별자치도,제주시,미용업,미스터컷,064-803-0773,"제주특별자치도 제주시 남녕로 54, 1층 103호(연동)",남성커트,8000,남성컷+새치염색,20000,,,,
제주특별자치도,제주시,한식,좀녀마을,064-745-3535,제주특별자치도 제주시 은남길 25,순두부,6000,해물뚝배기,9000,성게국,12000,,
제주특별자치도,제주시,일식,스가타,,"제주특별자치도 제주시 연화로2길 29-12, 1층(연동)",보우스시,10000,새우튀김 우동,10000,후토마끼,10000,새위튀김 소바,10000
제주특별자치도,제주시,한식,맛소,064-742-0455,"제주특별자치도 제주시 원노형5길 5, 1층(노형동)",콩국수,9000,냉모밀,8000,어묵국밥,6000,우동,6000
제주특별자치도,제주시,한식,돈독치기,064-712-8255,"제주특별자치도 제주시 원노형8길, 2층(노형동)",닭갈비,12000,두루치기,11000,고등어구이 大,13000,,
제주특별자치도,제주시,일식,김녕오라이 신제주점,064-904-1099,"제주특별자치도 제주시 원노형8길, 29-5, 1층 101호(노형동, 레지던스에코지엘)",딱새우라면,12000,숯불 가마살구이,20000,,,,
제주특별자치도,제주시,미용업,다인헤어,064-744-9242,제주특별자치도 제주시 원노형로 9 (노형동),컷트,10000,파마,40000,염색,40000,,
제주특별자치도,제주시,기타비요식업,다마내기,064-747-0618,"제주특별자치도 제주시 원노형로 26, 202호 (노형동, 서림빌딩)",중대 10분,1700,기본 30분,5000,,,,
제주특별자치도,제주시,기타비요식업,비파인뷰티,,"제주특별자치도 제주시 과원로 16-1, 1층(노형동)",속눈썹연장,40000,속눈썹펌,40000,페이스왁싱,20000,,
제주특별자치도,제주시,기타비요식업,제주사진관 빚을담다,064-747-2242,"제주특별자치도 제주시 노형5길 32, 1층 제주사진관(노형동)",증명,20000,여권,20000,가족사진,80000,비자,20000
제주특별자치도,제주시,한식,금순이네,064-711-1114,"제주특별자치도 제주시 정존1길 31, 1층 (노형동)",흑돼지오겹살,14000,훈재오리철판구이,25000,,,,
제주특별자치도,제주시,한식,조선냉삼겹,064-745-9295,"제주특별자치도 제주시 월랑로4길 38, 1층",제주산 급 냉삼겹(160g),10000,한라산 계란찜,5000,된장찌개,5000,김치찌개,5000
제주특별자치도,제주시,한식,제주소풍김밥,064-711-8625,"제주특별자치도 제주시 수덕5길 40, 1층 (노형동, 창영빌라)",소풍김밥,2900,애기김밥,2000,참치김밥,4000,돈까스김밥,4000
제주특별자치도,제주시,한식,호야포차,,제주특별자치도 제주시 수덕7길 47(노형동),돈까스,7000,자투리고기볶음,26000,,,,
제주특별자치도,제주시,기타비요식업,오아시스노래연습장(노형점),064-711-0478,"제주특별자치도 제주시 월랑로10길 1, 2층",코인(10분),1000,학생(1시간),10000,학생(30분),7000,성인(1시간),18000
제주특별자치도,제주시,미용업,라영헤어숍,064-744-3340,제주특별자치도 제주시 다랑곶4길 18 (노형동),컷트,10000~13000,염색,25000~35000,,,,
제주특별자치도,제주시,한식,매콤명태촌,064-743-6868,"제주특별자치도 제주시 절물3길 7, 1층(외도일동)",황태해장국,8000,갈치조림 1인,13000,막국수,7000,동태탕,9000
제주특별자치도,제주시,한식,소문난 두루치기,064-746-7478,"제주특별자치도 제주시 우정로 17, 101호(외도일동, 제웅1차 솔내음빌리지)",두루치기,9000,쭈꾸미두루치기,10000,,,,
제주특별자치도,제주시,한식,명가돌집,064-745-2877,제주특별자치도 제주시 우정로5길 10,돼지모둠,49000,꼬들살,18000,목살,15000,돼지꼬리,19900
제주특별자치도,제주시,한식,이오리,064-751-4905,"제주특별자치도 제주시 도리로 53, 1층",오리탕,8000,정식,8000,,,,
제주특별자치도,제주시,중식,진영루,064-743-8811,제주특별자치도 제주시 도두항서7길 13,자장면,5000,볶음밥,6000,간자장,7000,,
제주특별자치도,제주시,한식,24시 국수회관,064-702-1162,제주특별자치도 제주시 삼도일동 797-8,고기국수,8000,순대국밥,8000,,,,
제주특별자치도,제주시,한식,불당골,064-721-5413,제주특별자치도 제주시 서광로16길 11,황태해장국,9000,순두부,8000,,,,
제주특별자치도,제주시,한식,신수연,064-721-9988,제주특별자치도 제주시 서광로20길 4,정식,7000,동태찌개,7000,김치찌개,7000,돌솥비빔밥,7000
제주특별자치도,제주시,한식,다올국수,064-755-7076,제주특별자치도 제주시 서광로 209-1,멸치국수,7000,고기국수,9000,찐만두,8000,계란말이,8000
제주특별자치도,제주시,미용업,김민주미용실,,"제주특별자치도 제주시 홍랑길 9, 102호",컷트,12000,염색,30000,,,,
제주특별자치도,제주시,한식,영춘식당,,"제주특별자치도 제주시 평전길 12, 1층",고등어조림,14000,육개장,10000,갈비탕,10000,고등어구이,14000
제주특별자치도,제주시,한식,신비국수국밥,064-721-3235,제주특별자치도 제주시 중앙로24길 22,순대따로국밥,8000,고기국수,8000,멸치국수,7000,검은콩국수(국산),9000
제주특별자치도,제주시,기타요식업,종스브레드,064-757-0189,"제주특별자치도 제주시 중앙로 128-1, 1층(삼도이동)",팥빵,1000,꽈배기,1000,소보로빵,1000,찹쌀도너츠,1000
제주특별자치도,제주시,한식,탐라가든,064-757-5187,제주특별자치도 제주시 서사로 51,생갈비,14000,양념갈비,12000,흑돼지,19000,냉면,7000
제주특별자치도,서귀포시,한식,갈비에제왕,,제주특별자치도 서귀포시 대정읍 영서중로 5-1 1층,흑돼지오겹살(200g),15900,백돼지오겹살(200g),13900,돼지양념갈비(400g),15900,소갈비살,15900
제주특별자치도,서귀포시,한식,해바라기,064-764-9909,제주특별자치도 서귀포시 남원읍 한신로 280,두루치기,10000,된장찌개,8000,,,,
제주특별자치도,서귀포시,한식,백년손님,064-783-3456,"제주특별자치도 서귀포시 성산읍 금백조로 114, 1층",국밥,8000,고기국수,7000,멸치국수,6000,,
제주특별자치도,서귀포시,한식,새물국수,,제주특별자치도 서귀포시 안덕면 화순해안로 63,돔베고기 大,15000,돔베고기 小,8000,멸치국수,7000,,
제주특별자치도,서귀포시,목욕업,화순새마을목욕탕,064-710-8884,제주특별자치도 서귀포시 안덕면 화순리345,목욕비 대인,5000,목욕비 소인,2000,,,,
제주특별자치도,서귀포시,숙박업,바다해호텔,064-762-5300,제주특별자치도 서귀포시 천지연로 3-1,더블(일반),45000,더블(오션),50000,트윈,50000,,
제주특별자치도,서귀포시,한식,제주제일밀면,064-762-2789,"제주특별자치도 서귀포시 중앙로 150번길 23, 1층(동홍동)",밀면,7000,비빔면,7000,,,,
제주특별자치도,서귀포시,중식,줄서서먹는짜장신시가지점,064-738-6465,제주특별자치도 서귀포시 일주동로 9217(법환동),환경짜장,5000,짬뽕,7000,,,,
제주특별자치도,서귀포시,한식,신선국수,064-739-2590,제주특별자치도 서귀포시 강정하로 102(강정동),비빔국수,7000,보말칼국수,8000,,,,
제주특별자치도,서귀포시,미용업,미미가헤어샵,064-739-1238,"제주특별자치도 서귀포시 신서로48번길 49, 3층 301호",컷트,10000,펌,30000,염색,30000,,
제주특별자치도,서귀포시,미용업,인순이미용실,064-794-3123,제주특별자치도 서귀포시 대정읍 상모로 323,커트,13000,파마,25000,드라이,5000,,
제주특별자치도,서귀포시,한식,돈하르방,064-733-0786,제주특별자치도 서귀포시 명동로 33(서귀동),흑돼지근고기,39000,연탄석쇠불고기,11000,,,,
제주특별자치도,서귀포시,미용업,윤경미용실,064-762-1954,제주특별자치도 서귀포시 중정로91번길 53-1(서귀동),커트,10000,펌(기본),25000,,,,
제주특별자치도,서귀포시,미용업,은서헤어샵,064-762-5458,제주특별자치도 서귀포시 중앙로48번길 8-1(서귀동),커트,10000,드라이,7000,파마,35000,,
제주특별자치도,서귀포시,한식,오일장왕십리식당,064-733-0105,제주특별자치도 서귀포시 토평서로11번길 150(동홍동),고기국밥,7000,순대국밥,7000,,,,
제주특별자치도,서귀포시,한식,일번지식당,064-733-0686,제주특별자치도 서귀포시 토평서로11번길 150(동홍동),정식,6000,순대국밥,7000,,,,
제주특별자치도,서귀포시,한식,오규동 앤 육짬뽕,064-733-0590,"제주특별자치도 서귀포시 솜반천로 14번길 3,2층",규동,7400,부타동,7400,김치동,7400,,
제주특별자치도,서귀포시,한식,남원콩나물국밥,064-764-7773,제주특별자치도 서귀포시 남원읍 일주동로 7147,콩나물국밥,5500,김치콩나물국밥,6000,순두부찌개,6000,,
제주특별자치도,서귀포시,숙박업,낯선하루,,제주특별자치도 서귀포시 성산읍 신양로122번길 30-8,남성4인도미토리,30000,여성4인도미토리,30000,,,,
제주특별자치도,서귀포시,숙박업,성산에 오거들랑,064-784-2692,제주특별자치도 서귀포시 성산읍 고성동서로 13-7,2인실,44000,3인실,64000,4인실(게스트하우스)1인가격,20000,,
제주특별자치도,서귀포시,한식,부전식당,064-782-1033,제주특별자치도 서귀포시 성산읍 성산중앙로 36,우거지탕,9000,돌솥비빔밥,9000,갈치국,10000,,
제주특별자치도,서귀포시,한식,해오름식당,064-782-2256,제주특별자치도 서귀포시 성산읍 일출로 260,해오름정식,10000,해물뚝배기,13000,문어라면,8000,,
제주특별자치도,서귀포시,숙박업,블루클리프,0507-1494-7782,제주특별자치도 서귀포시 표선면 민속해안로 633-6,남성도미토리(4인),20000,여성도미토리(4인),20000,,,,
제주특별자치도,서귀포시,숙박업,슬로시티게스트하우스,064-732-1286,제주특별자치도 서귀포시 천지로 33(서귀동),6인실(1베드),17000,4인실(1베드),19000,1인싱글룸,30000,,
제주특별자치도,서귀포시,한식,삼겹살파티,064-732-3077,제주특별자치도 서귀포시 문부로 4(동홍동),생오겹살,15000,두루치기,7000,,,,
제주특별자치도,서귀포시,한식,낭만팥집,0507-1404-9625,제주특별자치도 서귀포시 동홍서로 96번길 17(동홍동),낭만팥빙수,6000,단팥죽,7000,,,,
제주특별자치도,서귀포시,한식,킹마트분식,064-738-3985,제주특별자치도 서귀포시 천제연로 154-1(중문동),순두부찌개,7000,된장찌개,7000,,,,
제주특별자치도,서귀포시,한식,제주콩순옥,064-792-8585,제주특별자치도 서귀포시 대정읍 신영로129-2,두부전골,35000,갈비찜,35000,갈비찜정식,13000,,
제주특별자치도,서귀포시,한식,성환이네,0507-1390-5201,제주특별자치도 서귀포시 성산읍 동류암로36번길 6,보리밥(비빔밥),6000,닭칼국수,7000,닭곰탕,8000,,
제주특별자치도,서귀포시,중식,명경식당,064-794-9557,제주특별자치도 서귀포시 안덕면 화순로 88,탕수육(소),12000,짬뽕,7500,탕수육(대),18000,,
제주특별자치도,서귀포시,한식,복돼지식당,0507-1330-0290,제주특별자치도 서귀포시 표선면 서성일로 63,고사리비빔밥,7000,고사리육개장,7000,,,,
제주특별자치도,서귀포시,한식,뽈살집,064-763-6860,"제주특별자치도 서귀포시 중정로91번길 41, 1층",흑돼지 특수부위(大 700~750g),69000,흑돼지 특수부위(中 400~450g),45000,"항정,가브리살,갈매기,뽈살(200g)",15000,,
제주특별자치도,서귀포시,한식,뽈살집 제주본점,064-763-6860,"제주특별자치도 서귀포시 중정로91번길 41, 2층",흑돼지 특수부위(大 700~750g),69000,흑돼지 특수부위(中 400~450g),45000,"항정,가브리살,갈매기,뽈살(200g)",15000,,
제주특별자치도,서귀포시,한식,뽈살집 별관,064-763-6860,제주특별자치도 서귀포시 중정로91번길 39-1,흑돼지 특수부위(大 700~750g),69000,흑돼지 특수부위(中 400~450g),45000,"항정,가브리살,갈매기,뽈살(200g)",15000,,
제주특별자치도,서귀포시,한식,육회포차,064-763-9977,"제주특별자치도 서귀포시 중앙로71번길 4, 1층",육회비빔밥,8000,튀김우동,8000,육회,14000,,
제주특별자치도,서귀포시,기타비요식업,정스터디카페,0507-1307-9106,제주특별자치도 서귀포시 동홍서로 97-1,자유석 기간권(14일),60000,자유석 기간권(28일),100000,정액시간권 50시간(2개월),60000,,
제주특별자치도,서귀포시,미용업,린헤어,0507-1385-0184,제주특별자치도 서귀포시 동홍중앙로 58-16,커트,15000,염색(뿌염),40000,,,,
제주특별자치도,서귀포시,양식,라피스,0507-1492-5223,제주특별자치도 서귀포시 홍중로 28-1,치즈토마토파스타,12900,베이컨크림파스타,12900,쉬림프투움바파스타,12900,,
제주특별자치도,서귀포시,기타요식업,오또도넛,064-904-1516,제주특별자치도 서귀포시 중문상로 87(중문동),오리지널글레이즈도넛,1500,시나몬슈가케인도넛,1800,,,,
제주특별자치도,서귀포시,한식,간식창고,,제주특별자치도 서귀포시 효돈로 158 (하효동) 1층,피카츄돈가스,1000,탕후루(아이스),2000,컵떡볶이,1000,,
제주특별자치도,서귀포시,한식,시안,,제주특별자치도 서귀포시 성산읍 일출로 288 번길 23,일반돈가스,11000,전복에우볶음밥,11000,,,,
제주특별자치도,서귀포시,한식,양혜란 식당,064-739-6886,제주특별자치도 서귀포시 서호남로32번길 41 (서호동) 1층,딱새우장정식,12000,갈치조림,15000,,,,
제주특별자치도,서귀포시,한식,오늘 칼국수,064-758-5959,제주특별자치도 서귀포시 태평로92번길 15 (호근동) 1층,고기칼국수,8000,보말칼국수,10000,비빔밥,10000,바지락칼국수,8000
제주특별자치도,서귀포시,기타요식업,오또도넛 올레서귀점,064-767-0448,제주특별자치도 서귀포시 부두로 16 (서귀동) 1층,오리지널굴레이즈,1500,시나몬슈가케인,1800,,,,
제주특별자치도,서귀포시,기타비요식업,제주셀프사진관파티룸삼오미리,,제주특별자치도 서귀포시 이어도로 685-2 (강정동) 1층,흑백셀프촬영,50000,컬러셀프촬영,70000,,,,
제주특별자치도,서귀포시,한식,탐라간장게장,064-787-8228,제주특별자치도 서귀포시 표선면 표선당포로 10-4 1층,간장게장(2인분),35000,양념게볶음(2인분),42000,성게미역국,12000,고등어구이,15000
제주특별자치도,서귀포시,기타요식업,투빅커피 동홍점,,제주특별자치도 서귀포시 중앙로 164 (동홍동) 1층,아메리카노hot,1500,아메리카노ice,1800,카페라떼,2900,한라봉에이드,3900
제주특별자치도,서귀포시,기타요식업,투빅커피 태흥점,064-764-8803,제주특별자치도 서귀포시 남원읍 일주동로 6736 1층,아메리카노hot,1500,아메리카노ice,1800,카페라떼,2900,한라봉에이드,3900
제주특별자치도,서귀포시,기타요식업,발랭드보통 제주,064-783-0250,제주특별자치도 서귀포시 성산읍 시흥하동로50번길 32 발랭드보통,와플 플레이트,18000,말차라떼,5500,,,,
제주특별자치도,서귀포시,양식,쉐프1192,064-783-1193,제주특별자치도 서귀포시 성산읍 환해장성로 465 쉐프 1192,,,,,,,,
제주특별자치도,서귀포시,한식,노고록,,제주특별자치도 서귀포시 천제연로207번길 7 (중문동) 가동 103호,,,,,,,,
제주특별자치도,서귀포시,기타요식업,빵하우스,064-762-7234,제주특별자치도 서귀포시 태평로537번길 45 (동홍동) 빵하우스,우유식빵,3000,팥빵,1300,,,,
제주특별자치도,서귀포시,한식,삼이사,064-732-0324,제주특별자치도 서귀포시 명동로 6 (서귀동) 삼이사,,,,,,,,
제주특별자치도,서귀포시,미용업,원희네자르지오헤어,064-732-8765,제주특별자치도 서귀포시 중앙로89번길 14 (서귀동) .,컷트,12000,펌,30000,염색,30000,,
제주특별자치도,서귀포시,숙박업,제주스마일,,제주특별자치도 서귀포시 염돈로 95 (강정동) 제주스마일,단체형 복층객실1 + 원룸객실1,149000,단체형 복층객실1 + 원룸객실2,199000,,,,
제주특별자치도,서귀포시,숙박업,초롱민박,,제주특별자치도 서귀포시 성산읍 한도로 242번길 10-19 .,2인,35000,3인,45000,4인,55000,,
제주특별자치도,서귀포시,한식,미리네국수,,제주특별자치도 서귀포시 중앙로101번길 17,고기국수,8000,국밥,6000,멸치국수,7000,,
제주특별자치도,서귀포시,한식,중문뽁순이네,,제주특별자치도 서귀포시 중문상로82번길 43,가정식정식,10000,고등어조림,10000,청국장,9000,,
제주특별자치도,서귀포시,숙박업,제주에코스위츠,,제주특별자치도 서귀포시 중문동 944-5 외 1필지,디럭스 객실 비수기 (주중/주말),79000/89000,자쿠지 객실 비수기 (주중/주말),89000/99000,디럭스 객실 성수기,119000,,
제주특별자치도,서귀포시,세탁업,백록운동화 빨래방,,제주특별자치도 서귀포시 천제연로 170(중문동),기본이불,8000,기본카페트,10000,,,,
제주특별자치도,서귀포시,한식,달동네수제숨두부,,제주특별자치도 서귀포시 색달중앙로 79,백숨두부,9000,제육볶음,10000,,,,
제주특별자치도,서귀포시,한식,육공주네 색달돈가,,제주특별자치도 서귀포시 색달로61번길 49,백오겹살,17000,양념돼지갈비,16000,,,,
제주특별자치도,서귀포시,중식,상하이예래점,,제주특별자치도 서귀포시 예래로 436-1,짜장면,6000,짬뽕,7000,탕수육,17000,,
제주특별자치도,서귀포시,기타비요식업,스튜디오모사,,제주특별자치도 서귀포시 표선면 일주동로 6208 1호,"증명,여권(영유아,초.중고학생)",20000,증명 + 여권,30000,,,,
제주특별자치도,서귀포시,한식,돈수르,,제주특별자치도 서귀포시 표선면 일주동로 6295,"A세트 (흑돼지,백돼지)",54000,"B세트 (흑돼지,백돼지)",74000,C세트 (흑돼지),62000,,
제주특별자치도,서귀포시,한식,한아름식당,,제주특별자치도 서귀포시 표선면 세성로 265,돼지고기,12000,,,,,,
제주특별자치도,서귀포시,한식,표선 소담국수,,제주특별자치도 서귀포시 표선면 표선중앙로 80,멸치국수,7000,비빔국수,8000,,,,
제주특별자치도,서귀포시,한식,춘자싸롱 멸치국수,,제주특별자치도 서귀포시 표선면 표선동서로 255,멸치국수,4000,멸치국수(곱빼기),5000,,,,
제주특별자치도,서귀포시,한식,두가시영,,제주특별자치도 서귀포시 표선면 하천달산로9번길 98,생오리로스(손칼국수포함),58000,오리탕,12000,,,,
제주특별자치도,서귀포시,한식,성읍 신토불이,,제주특별자치도 서귀포시 표선면 성읍 서문로 81,멸치국수,5000,오리수제비,10000,흑돼지주물럭,13000,,
제주특별자치도,서귀포시,한식,우선식당,,제주특별자치도 서귀포시 성산읍 성산중앙로 14,돌솥비빔밥,9000,갈치국,9000,,,,
제주특별자치도,서귀포시,숙박업,성산일출봉콘도민박,,제주특별자치도 서귀포시 성산읍 성산중앙로 34,1인실,30000,2인실,40000,3인실,50000,,
제주특별자치도,서귀포시,한식,청솔밥상,,제주특별자치도 서귀포시 성산읍 성산중앙로 46-1,정식,12000,전복뚝배기,15000,,,,
제주특별자치도,서귀포시,한식,시골밥상,,제주특별자치도 서귀포시 성산읍 고성오조로 97-11,정식(삼겹살),10000,정식(수육),10000,,,,
제주특별자치도,서귀포시,세탁업,스피드세탁소,,제주특별자치도 서귀포시 남원읍 남원리 140-5 2,양복(1벌),9000,이불(1채),10000,,,,
제주특별자치도,서귀포시,한식,괸당네식당,,제주특별자치도 서귀포시 남원읍 태위로 672-7,흑돼지주물럭정식,10000,지실국수,8000,,,,
제주특별자치도,서귀포시,한식,쇠소깍가든,,제주특별자치도 서귀포시 남원읍 하례로 166번길 1,오곡집밥정식,10000,곱창뚝배기,10000,,,,
제주특별자치도,서귀포시,중식,차이나마씸,,제주특별자치도 서귀포시 칠십리로 474,짬뽕,8000,짜장면,6000,,,,
제주특별자치도,서귀포시,미용업,영천이용원,,제주특별자치도 서귀포시 상효동 1298-3,커트,13000,이발,17000,,,,
제주특별자치도,서귀포시,미용업,소리헤어샵,,제주특별자치도 서귀포시 중앙로4번길 4(서귀동),일반펌,30000,염색,3000,,,,
제주특별자치도,서귀포시,미용업,영미용실,,제주특별자치도 서귀포시 이중섭로5-7,파마,30000,셋트파마,50000,특파마,40000,,
제주특별자치도,서귀포시,기타요식업,베트로,,제주특별자치도 서귀포시 중정로62번길 1(서귀동),카페라떼,3300,카푸치노,3300,,,,
제주특별자치도,서귀포시,한식,제주돈삼겹 모슬포점,,제주특별자치도 서귀포시 대정읍 하모상가로 43,대패삼겹살 (100g),3500,우삼겹 (100g),5500,,,,
제주특별자치도,서귀포시,한식,단산칼국수,,"제주특별자치도 서귀포시 대정읍 인안성로 39, 1층",닭칼국수,9000,보리비빔밥,9000,,,,
제주특별자치도,서귀포시,한식,생원전복,,제주특별자치도 서귀포시 안덕면 화순리 1040-5,돈샤브샤브,13000,성게비빔밥,20000,,,,
제주특별자치도,서귀포시,한식,바당국수,,제주특별자치도 서귀포시 동문동로 21-1,멸치국수,7000,비빔국수,8000,,,,
제주특별자치도,서귀포시,한식,메로식당,,제주특별자치도 서귀포시 중정로91번길 16,지리,9000,매운탕,9000,,,,
제주특별자치도,서귀포시,숙박업,비스비제주앤팜빌리지,,제주특별자치도 서귀포시 속골로 29-10,프라이빗19가든뷰,120000,프라이빗23가든뷰,134000,시그니처S19오션뷰,134000,,
제주특별자치도,서귀포시,미용업,호근미용실,,제주특별자치도 서귀포시 호근북로3 2층,컷,11000,학생컷,8000,일반펌,35000,,
제주특별자치도,서귀포시,한식,월드컵흑돼지,,제주특별자치도 서귀포시 월드컵로 74,흑돼지오겹살,22000,갈비탕,15000,삼계탕,15000,,
제주특별자치도,제주시,한식,해동이네,,"제주특별자치도 제주시 임항로 242, 1F",곰탕,10000,육개장,8000,,,,
제주특별자치도,제주시,한식,성춘,,제주특별자치도 제주시 일도이동 1028-53,비빔밥,6000,몸국,8000,순대국밥,7000,멍게비빔밥,10000
제주특별자치도,제주시,한식,애진,,제주특별자치도 제주시 신성로 102,생오겹살(200g),14000,생목살(200g),14000,한우생등심(200g),29000,,
제주특별자치도,제주시,한식,부지깽이,,제주특별자치도 제주시 광양13길 11-2 1층,활고등어회(대),70000,활우럭조림(대),50000,활우럭조림(소),40000,,
제주특별자치도,제주시,미용업,머리만지는남자,,"제주특별자치도 제주시 독짓골6길 1, 1층(도남동)",일반펌,30000,남자컷트,13000,,,,
제주특별자치도,제주시,한식,광양왕소금깡통구이,,제주특별자치도 제주시 광양13길 13,돌솥비빔,6000,비빔밥,6000,된장찌개,6000,,
제주특별자치도,제주시,중식,은혜중화요리,,"제주특별자치도 제주시 인다2길 20, 1층",짜장면,6000,짬뽕,8000,볶음밥,8000,냉우동,8000
제주특별자치도,제주시,숙박업,탑아일랜드,,제주특별자치도 제주시 용남1길 47,디럭스더블,45000,드럭스트윈,48000,,,,
제주특별자치도,제주시,한식,용담생국수,,제주특별자치도 제주시 용담로 95,돼지국밥,9000,굴국,8000,,,,
제주특별자치도,제주시,미용업,머리하기좋은날,,제주특별자치도 제주시 신대로6길 11,커트(샴푸미포함),10000,염색(컷포함),30000,펌(컷포함),35000,,
제주특별자치도,제주시,미용업,보이앤맨,,제주특별자치도 제주시 원노형로 22,남성컷트,9000,학생컷트,8000,염색,20000,,
제주특별자치도,제주시,한식,승범이네집,,제주특별자치도 제주시 월랑로 56-1,매운탕,8000,지리,8000,회덮밥,8000,어내장탕,8000
제주특별자치도,제주시,미용업,설렘주의보,,"제주특별자치도 제주시 삼봉로2길 62, 1층",,,주니어컷,13000,클리닉펌,50000,컷트,18000
제주특별자치도,제주시,한식,내가찾은맛고을,,제주특별자치도 제주시 진남로8길 39,소머리국밥,7000,묵은지오겹전골大,30000,묵은지오겹전골中,25000,묵은지오겹전골小,20000
제주특별자치도,제주시,한식,행복맛집,,제주특별자치도 제주시 진남로6길 32,수제순두부,8000,고사리육개장,8000,동태탕,8000,콩비지찌개,8000
제주특별자치도,제주시,기타요식업,굴무기낭,,제주특별자치도 제주시 애월읍 납읍남로2길 6- 1동 1층,쉰다리,4500,쉰다리빵,5000,감귤쉰다리에이드,5000,쉰다리빙수,7000
제주특별자치도,제주시,숙박업,시드니호텔,,제주특별자치도 제주시 애월읍 애월해안로 943,디럭스더블,40000,트리플룸,50000,오션뷰디럭스트윈,50000,,
제주특별자치도,제주시,숙박업,시드니호텔2,,제주특별자치도 제주시 애월읍 애월해안로 945,디럭스더블,40000,오션뷰트윈,55000,패밀리트윈,55000,오션뷰패밀리트윈,65000
제주특별자치도,서귀포시,미용업,삼화이용원,,제주특별자치도 서귀포시 솜반천로 14-1,컷트,14000,염색,14000,,,,
제주특별자치도,서귀포시,기타요식업,다린,,제주특별자치도 서귀포시 법환로 11,쌍화차,8000,대추차,8000,,,,
제주특별자치도,서귀포시,한식,하노이식당,,"제주특별자치도 서귀포시 서호중로 84, 1층",하노이쌀국수,9500,매운쌀국수,10500,,,,
제주특별자치도,서귀포시,한식,고성장터국밥,,제주특별자치도 서귀포시 성산읍 고성동서로 45-19,따로국밥,7000,고기국수,7000,몸국,7000,모듬순대,10000
제주특별자치도,서귀포시,한식,동호갈비,,"제주특별자치도 서귀포시 중문상로 41, 1층",흑돼지오겹살,23000,생갈비,22000,양념갈비,18000,갈비탕,12000
제주특별자치도,서귀포시,미용업,웰빙이용원,,제주특별자치도 서귀포시 중문로28,컷트,15000,염색,15000,,,,
제주특별자치도,서귀포시,미용업,아름다운풍경미용실,,제주특별자치도 서귀포시 흙담솔로 20,펌,30000,컷트,10000,,,,
제주특별자치도,서귀포시,한식,맛있는집,,제주특별자치도 서귀포시 중앙로 110,순두부,8000,비빔밥,8000,,,,
제주특별자치도,서귀포시,한식,새서울두루치기,,제주특별자치도 서귀포시 태평로 406,흑돼지두루치기,8000,낙지두루치기,8000,오리두루치기,9000,,
제주특별자치도,서귀포시,한식,대광장식당,,제주특별자치도 서귀포시 중앙로 79,순두부,5000,김치찌개,6000,만두백반,5000,된장찌개,6000
제주특별자치도,서귀포시,한식,뽕뽕식당,,제주특별자치도 서귀포시 중앙로 42번길 33(서귀동),칼국수,6000,콩국수,7000,메밀칼국수,8000,김치찌개,7000
제주특별자치도,서귀포시,한식,오아시스,,제주특별자치도 서귀포시 신서귀로 42,수제돈까스,10000,돌솥비빔밥,10000,,,,
제주특별자치도,서귀포시,한식,감미롭다제주,,제주특별자치도 서귀포시 막동산로 8-3,현미채소버섯비빔밥,10000,현미면간장기름국수,10000,현미면비빔국수,10000,,
제주특별자치도,제주시,한식,넉둥베기,,"제주특별자치도 제주시 서문로9, 1층",돼지머리국밥,6000,돼지내장국밥,6000,,,,
제주특별자치도,제주시,한식,용진식당,,제주특별자치도 제주시 남성로 8,오겹살(200g),17000,청국장,8000,김치찌개,8000,순두부,8000
제주특별자치도,제주시,숙박업,제주게스트하우스민박,,제주특별자치도 제주시 용화로 10길 14,6인실,20000,4인실,20000,2인실,22000,1인실,31000
제주특별자치도,제주시,한식,바른갈치,,"제주특별자치도 제주시 월성로 26, 1층(용담이동)",제주은갈치조림정찬,19000,제주은갈치 순살조림 정찬,19000,,,,
제주특별자치도,제주시,한식,싱싱회센타,,"제주특별자치도 제주시 동문로4길 9, 2-8,9,3-10호(일도일동, 동문공설시장)",회덮밥,8000,매운탕,8000,성게국,10000,물회,10000
제주특별자치도,제주시,미용업,예술시대 미용실,,제주특별자치도 제주시 남광로 158-4,파마,30000,커트,10000,,,,
제주특별자치도,제주시,한식,파랑새분식,,제주특별자치도 제주시 도남로 78,김치찌개,7000,순두부,7000,비빔밥,7000,고기국수,7000
제주특별자치도,제주시,한식,부촌,,제주특별자치도 제주시 도남로6길 1,홍어회,40000,홍어전,25000,,,,
제주특별자치도,제주시,한식,2교시술기로운생활,,"제주특별자치도 제주시 연신로 78, 1층",술기로운3대장세트,49000,슬기로운 숙회수육세트,39000,,,,
제주특별자치도,제주시,한식,천지연 무태장어,,제주특별자치도 제주시 연삼로 461,장어탕大,12000,장어탕小,8000,,,,
제주특별자치도,제주시,한식,다온이네이모카세,,"제주특별자치도 제주시 서사로 97, 1층",뼈없는갈치조림(1인분),10000,등뼈김치찜(2인분),28000,,,,
제주특별자치도,제주시,한식,마시쭈,,제주특별자치도 제주시 서광로20길 17(삼도2동),쭈꾸미 덮밥,10000,철판쭈꾸미볶음,13000,,,,
제주특별자치도,제주시,일식,제쭈덮밥앤초밥시청점,,제주특별자치도 제주시 신성로 51,쭈꾸미 덮밥,7800,유부우동,5800,,,,
제주특별자치도,제주시,한식,서림칡냉면,,"제주특별자치도 제주시 진동로3길 25, 1층",냉면,8000,정식,9000,,,,
제주특별자치도,제주시,한식,김도희의갈치창고,,"제주특별자치도 제주시 중산간동로 174, 1층(회천동)",뼈있는갈치조림(2인),43000,뼈있는갈치조림+통갈치구이세트 2인,65000,,,,
제주특별자치도,제주시,미용업,제주대학교 구내,,"제주특별자치도 제주시 제주대학로 102, 내 학생회관 2층(아라일동)",컷트,10000,염색,30000,,,,
제주특별자치도,제주시,한식,복어잡는집,,"제주특별자치도 제주시 신대로13길 19, 1층",참복어지리,15000,참복어김치탕,15000,,,,
제주특별자치도,제주시,숙박업,욜로 제주게스트하우스,,"제주특별자치도 제주시 도령로 190, 201호(연동)",2인실,25000,4인실,25000,5인실,25000,독채,200000
제주특별자치도,제주시,기타요식업,진품꽈배기,,"제주특별자치도 제주시 신대로 147, 101호",핫도그,1300,대파찹쌀꽈배기,12000,,,,
제주특별자치도,제주시,한식,성심조림,,"제주특별자치도 제주시 신광로 8, 1층",갈치조림,15000,고등어조림,15000,섞어조림,15000,통갈치구이,40000
제주특별자치도,제주시,한식,길벗식당,,제주특별자치도 제주시 월광로 162,생오리구이한마리,55000,오겹살(제주산)200g,14000,,,,
제주특별자치도,제주시,기타요식업,제주족욕카페,,"제주특별자치도 제주시 조천읍 조함해안로 586, 4층",족욕+커피,9000,,,,,,
제주특별자치도,제주시,한식,추막회앤카페힐스,,"제주특별자치도 제주시 추자면 신양4길 18, 지하1층",회비빔밥,9000,물회,10000,회국수,9000,,
제주특별자치도,서귀포시,한식,제쭈 동홍점,,"제주특별자치도 서귀포시 동홍중앙로 58-8, 1층",제육덜밥,7800,유부우동,5800,,,,
제주특별자치도,서귀포시,한식,우수미회센타호텔더본점,,"제주특별자치도 서귀포시 색달로 18, 별관동 1층",제주식막회,60000,도다리세꼬시,60000,,,,
제주특별자치도,서귀포시,한식,신영음식점,,"제주특별자치도 서귀포시 중앙로71번길 4, 1층",순두부,7000,된장찌개,7000,,,,
제주특별자치도,서귀포시,기타요식업,내노키,,제주특별자치도 서귀포시 남원읍 태위로723번길 30-16,푸딩세트,10500,에그세트,7800,,,,
제주특별자치도,서귀포시,숙박업,바끄레민박,,제주특별자치도 서귀포시 남원읍 서의로 55,숙박(1박),50000,독채(1박),70000,,,,
제주특별자치도,서귀포시,한식,구두미바당,,제주특별자치도 서귀포시 칠십로 525,멸치국수,5000,수제돈까스,10000,,,,
제주특별자치도,서귀포시,한식,제쭈서귀포신시가지점,,제주특별자치도 서귀포시 일주동로 9217,제육덮밥,7800,제육덮밥세트,9800,쭈꾸미덮밥,7800,쭈꾸미덮밥세트,9800
제주특별자치도,서귀포시,한식,느루담,,"제주특별자치도 서귀포시 대청로 29, 105호",돼지곰탕,10000,직화고기덮밥,10000,,,,
제주특별자치도,서귀포시,숙박업,장원민박,,제주특별자치도 서귀포시 천제연로 49,숙박1인,25000,숙박2인,30000,,,,
제주특별자치도,서귀포시,숙박업,중문리조트,,제주특별자치도 서귀포시 색달로 117,객실(주니어),60000,객실(로얄),74250,객실(패밀리),94050,객실(투룸),117000
제주특별자치도,서귀포시,숙박업,하얀도화지민박,,제주특별자치도 서귀포시 하예로44번길 1,바다방,43000,하늘방,45000,,,,
